timestamp,competitor,category,title,threat_level,gemini_verdict,recommended_action,url
2026-09-28 01:06,Nasiol,Scheduled Telemetry,24h Routine Competitor Scan - Nasiol,High,"### 📋 Executive Intelligence Brief: Nasiol
**Verdict:** Nasiol is actively pushing market acquisition through digital funnels and local applicator networks. Their positioning emphasizes alternative ro...",Maintain active keyword monitoring and B2B contractor pricing advantage.,https://nasiol.com
2026-09-28 01:06,RoofLife Canada,Scheduled Telemetry,24h Routine Competitor Scan - RoofLife Canada,High,"### 📋 Executive Intelligence Brief: RoofLife Canada
**Verdict:** RoofLife Canada is actively pushing market acquisition through digital funnels and local applicator networks. Their positioning emphasi...",Maintain active keyword monitoring and B2B contractor pricing advantage.,https://rooflifecanada.com
2026-09-28 01:06,Reviva Roof,Scheduled Telemetry,24h Routine Competitor Scan - Reviva Roof,Moderate,"### 📋 Executive Intelligence Brief: Reviva Roof
**Verdict:** Reviva Roof is actively pushing market acquisition through digital funnels and local applicator networks. Their positioning emphasizes alte...",Maintain active keyword monitoring and B2B contractor pricing advantage.,https://revivaroof.com
2026-09-28 01:06,Spray-Net,Scheduled Telemetry,24h Routine Competitor Scan - Spray-Net,Moderate,"### 📋 Executive Intelligence Brief: Spray-Net
**Verdict:** Spray-Net is actively pushing market acquisition through digital funnels and local applicator networks. Their positioning emphasizes alternat...",Maintain active keyword monitoring and B2B contractor pricing advantage.,https://spray-net.com
2026-09-28 01:06,ArmoveX,Scheduled Telemetry,24h Routine Competitor Scan - ArmoveX,Moderate,"### 📋 Executive Intelligence Brief: ArmoveX
**Verdict:** ArmoveX is actively pushing market acquisition through digital funnels and local applicator networks. Their positioning emphasizes alternative ...",Maintain active keyword monitoring and B2B contractor pricing advantage.,https://armovex.com
2026-09-28 01:06,Zinox Coating,Scheduled Telemetry,24h Routine Competitor Scan - Zinox Coating,Moderate,"### 📋 Executive Intelligence Brief: Zinox Coating
**Verdict:** Zinox Coating is actively pushing market acquisition through digital funnels and local applicator networks. Their positioning emphasizes ...",Maintain active keyword monitoring and B2B contractor pricing advantage.,https://zinoxcoating.com
2026-09-28 01:13,Nasiol,Scheduled Telemetry,24h Routine Competitor Scan - Nasiol,High,"### 📋 Executive Intelligence Brief: Nasiol
**Verdict:** Nasiol is actively pushing market acquisition through digital funnels and local applicator networks. Their positioning emphasizes alternative ro...",Maintain active keyword monitoring and B2B contractor pricing advantage.,https://nasiol.com
2026-09-28 01:13,RoofLife Canada,Scheduled Telemetry,24h Routine Competitor Scan - RoofLife Canada,High,"### 📋 Executive Intelligence Brief: RoofLife Canada
**Verdict:** RoofLife Canada is actively pushing market acquisition through digital funnels and local applicator networks. Their positioning emphasi...",Maintain active keyword monitoring and B2B contractor pricing advantage.,https://rooflifecanada.com
2026-09-28 01:13,Reviva Roof,Scheduled Telemetry,24h Routine Competitor Scan - Reviva Roof,Moderate,"### 📋 Executive Intelligence Brief: Reviva Roof
**Verdict:** Reviva Roof is actively pushing market acquisition through digital funnels and local applicator networks. Their positioning emphasizes alte...",Maintain active keyword monitoring and B2B contractor pricing advantage.,https://revivaroof.com
2026-09-28 01:13,Spray-Net,Scheduled Telemetry,24h Routine Competitor Scan - Spray-Net,Moderate,"### 📋 Executive Intelligence Brief: Spray-Net
**Verdict:** Spray-Net is actively pushing market acquisition through digital funnels and local applicator networks. Their positioning emphasizes alternat...",Maintain active keyword monitoring and B2B contractor pricing advantage.,https://spray-net.com
2026-09-28 01:13,ArmoveX,Scheduled Telemetry,24h Routine Competitor Scan - ArmoveX,Moderate,"### 📋 Executive Intelligence Brief: ArmoveX
**Verdict:** ArmoveX is actively pushing market acquisition through digital funnels and local applicator networks. Their positioning emphasizes alternative ...",Maintain active keyword monitoring and B2B contractor pricing advantage.,https://armovex.com
2026-09-28 01:13,Zinox Coating,Scheduled Telemetry,24h Routine Competitor Scan - Zinox Coating,Moderate,"### 📋 Executive Intelligence Brief: Zinox Coating
**Verdict:** Zinox Coating is actively pushing market acquisition through digital funnels and local applicator networks. Their positioning emphasizes ...",Maintain active keyword monitoring and B2B contractor pricing advantage.,https://zinoxcoating.com
2026-09-28 01:25,Nasiol,Scheduled Telemetry,24h Routine Competitor Scan - Nasiol,High,"### 📋 Executive Intelligence Brief: Nasiol
**Verdict:** Nasiol is actively pushing market acquisition through digital funnels and local applicator networks. Their positioning emphasizes alternative ro...",Maintain active keyword monitoring and B2B contractor pricing advantage.,https://nasiol.com
2026-09-28 01:25,RoofLife Canada,Scheduled Telemetry,24h Routine Competitor Scan - RoofLife Canada,High,"### 📋 Executive Intelligence Brief: RoofLife Canada
**Verdict:** RoofLife Canada is actively pushing market acquisition through digital funnels and local applicator networks. Their positioning emphasi...",Maintain active keyword monitoring and B2B contractor pricing advantage.,https://rooflifecanada.com
2026-09-28 01:25,Reviva Roof,Scheduled Telemetry,24h Routine Competitor Scan - Reviva Roof,Moderate,"### 📋 Executive Intelligence Brief: Reviva Roof
**Verdict:** Reviva Roof is actively pushing market acquisition through digital funnels and local applicator networks. Their positioning emphasizes alte...",Maintain active keyword monitoring and B2B contractor pricing advantage.,https://revivaroof.com
2026-09-28 01:25,Spray-Net,Scheduled Telemetry,24h Routine Competitor Scan - Spray-Net,Moderate,"### 📋 Executive Intelligence Brief: Spray-Net
**Verdict:** Spray-Net is actively pushing market acquisition through digital funnels and local applicator networks. Their positioning emphasizes alternat...",Maintain active keyword monitoring and B2B contractor pricing advantage.,https://spray-net.com
2026-09-28 01:25,ArmoveX,Scheduled Telemetry,24h Routine Competitor Scan - ArmoveX,Moderate,"### 📋 Executive Intelligence Brief: ArmoveX
**Verdict:** ArmoveX is actively pushing market acquisition through digital funnels and local applicator networks. Their positioning emphasizes alternative ...",Maintain active keyword monitoring and B2B contractor pricing advantage.,https://armovex.com
2026-09-28 01:25,Zinox Coating,Scheduled Telemetry,24h Routine Competitor Scan - Zinox Coating,Moderate,"### 📋 Executive Intelligence Brief: Zinox Coating
**Verdict:** Zinox Coating is actively pushing market acquisition through digital funnels and local applicator networks. Their positioning emphasizes ...",Maintain active keyword monitoring and B2B contractor pricing advantage.,https://zinoxcoating.com
