#,Competitor,Report Type,Date Sent (PHT),Subject,Attachment Name,To,CC,Requested By,Request Date (PHT),Gmail Link,Drive Copy Link,Notes
1,Sure Roof Pros,Full,2026-09-22 21:09,Competitor Profile: Sure Roof Pros,Sure Roof Pros.pdf,"Ryan Vaupshas, Mathieu Vallieres, Jason Speirs, Alamin Abuhajjeh, Cody Loeffler, John Silvernail","Joel Stark, Charles Dumont, Jonathan Duquette, legal department",,,https://mail.google.com/mail/u/0/#all/1a0c93c075eedc72,,No request email found.
2,Ever Roof,Full,2026-08-31 22:11,Competitor Profile: Ever Roof,Ever Roof.pdf,"Jason Speirs, Mathieu Vallieres, Alamin Abuhajjeh, Cody Loeffler, John Silvernail","Joel Stark, Jonathan Duquette, Charles Dumont, legal department",,,https://mail.google.com/mail/u/0/#all/1a058298241ee69e,,"Self-initiated (""recently stumbled across while searching the internet""). Same email asks team about Inexso (see Open Requests)."
3,OnYa Roof,Full,2026-08-25 00:08,Competitor Profile: OnYa Roof,OnYaRoof.pdf,Joel Stark,"Ryan Vaupshas, Jonathan Duquette, Charles Dumont, Jason Speirs, Alamin Abuhajjeh, John Silvernail, Cody Loeffler",Joel Stark (fwd from Shalese Potter),2026-08-20 05:38,https://mail.google.com/mail/u/0/#all/1a0348757b744c4e,,"Request: Joel ""Fwd: the practical stuff"" (msg 1a01bf65f142de4e) - ""Have we looked into them before?""; Miguel replied ""This is new. Will look into them."" (OnYa link per earlier review of the forwarded message.) Drive also has ""OnyaRoof Competitor Research Plan"" doc."
4,Roof Medixx,Full,2026-08-24 22:05,Competitor Profile: Roof Medixx,Roof Medixx.pdf,Ryan Vaupshas,"Alamin Abuhajjeh, Mathieu Vallieres, Jason Speirs, Joel Stark, Charles Dumont, Jonathan Duquette",Alamin Abuhajjeh (for Tim Burnette),2026-08-17 23:30,https://mail.google.com/mail/u/0/#all/1a034179566aa648,,"Request thread ""Re: Competitor??"" (msg 1a01058e1d15c408). Jason replied asking to include Cody Loeffler and John Silvernail going forward."
5,Armovex,Full,2026-08-24 09:22,Competitor Profile: Armovex,ArmoveX.pdf,Joel Stark,"Ryan Vaupshas, Alamin Abuhajjeh, Jason Speirs, Mathieu Vallieres, Charles Dumont, Jonathan Duquette",Joel Stark (Google Chat),2026-08-21,https://mail.google.com/mail/u/0/#all/1a0315c2e51efc49,,"Request via Google Chat (""Can you add these guys please: armovex hrx""; chat notification 2026-08-21 05:57, msg 1a0212d972af9dc1). ""HRX"" mentioned in same chat - no report found. Attachment spelled ""ArmoveX""."
6,NXCanada,Full,2026-08-14 21:08,NXCanada Competitor Profile,NxCanada.pdf,Ryan Vaupshas,"Joel Stark, Jonathan Duquette, Charles Dumont, Jason Speirs, Alamin Abuhajjeh, legal department",Ryan Vaupshas (Google Chat),,https://mail.google.com/mail/u/0/#all/1a0006395260da69,,"Ryan chat (notification 2026-08-15 13:17): Miguel ""still looking into nxcanada... Sent the analysis"". Exact request date not found. Legal CC'd."
7,Nanoclad,Supplementary,2026-07-06 21:56,2nd Supplementary Report on Nanoclad,2nd Supplementary Report on Nanoclad.pdf,Ryan Vaupshas,"Charles Dumont, Joel Stark, Jonathan Duquette, Jason Speirs",,,https://mail.google.com/mail/u/0/#all/19f37b6e02ec3bd1,,"2nd supplementary report, sent to Ryan. No request email found. Ryan chat digest (2026-08-15) quotes Miguel: ""I found this on nanoclad website. I'll do an analysis and compare with GoNano formulation."""
8,Spray-Net (Liqua-Roof),Full,2026-07-03 21:36,Re: Competitor Analysis - Liquaroof,Spray-Net.pdf,Mathieu Vallieres,"Jason Speirs, Charles Dumont, Neda Mohammadi",Mathieu Vallieres,2026-07-03 21:33,https://mail.google.com/mail/u/0/#all/19f28322f7ca85fc,,"Re-send of Spray-Net report originally sent 2025-11-06, in reply to ""Competitor Analysis - Liquaroof""."
9,Natural Seal,Full,2026-06-26 22:03,Re: Fw: Protecting Your Church Roof – Complimentary Assessment,Natural Seal.pdf,Jason Speirs,"Joel Stark, Jonathan Duquette, Charles Dumont",Jason Speirs,2026-06-17 05:22,https://mail.google.com/mail/u/0/#all/19f043db2f1130d0,,"Thread ""Fw: Protecting Your Church Roof - Complimentary Assessment""."
10,Nano Protection AJ,Full,2026-06-15 21:25,Competitor Profile: Nano Protection AJ,Nano Protection Aj.pdf,Ryan Vaupshas,"Joel Stark, Jonathan Duquette, Charles Dumont, legal department",Ryan Vaupshas,,https://mail.google.com/mail/u/0/#all/19ecb74f2aee1c95,,"Based on images Ryan sent (per email body). Jonathan asked 2026-06-16 00:37 to add ""Nano Revive""; Miguel replied ""I'm revising this"" (2026-06-16 20:56). No revised version found (see Open Requests)."
11,Groupe GVMA,Revised,2026-06-08 21:14,Groupe GVMA Analysis,Competitor Analysis_Groupe GVMA.pdf,Joel Stark,"Jason Speirs, legal department, Charles Dumont, Jonathan Duquette",,,https://mail.google.com/mail/u/0/#all/19ea75e5cac51e28,,"Updated analysis (""Competitor Analysis_Groupe GVMA.pdf"") to Joel and Legal; earlier profile sent 2025-07-24. Joel added it to shared Legal folder. Requester not verified in email (prior notes said Charles via chat)."
12,Reviva Roof,Revised,2026-05-21 22:22,Re: Another Roof Spray,Reviva Roof.pdf,Jason Speirs,,Alamin Abuhajjeh,2026-05-02 06:37,https://mail.google.com/mail/u/0/#all/19e4aea41644ad3e,,"Thread ""Another Roof Spray"". Updated Reviva Roof report; original profile sent 2026-01-23. Miguel later said ""I sent it last May 14"" but this email is dated 2026-05-21."
13,Nasiol,Full,2026-05-11 21:03,Re: Patent infringement,Competitor Profile_Nasiol.pdf,info@evonano.ca,"Jason Speirs, Alamin Abuhajjeh",Jason Speirs,2026-05-07 00:11,https://mail.google.com/mail/u/0/#all/19e17223a8f0c537,,"Sent in ""Patent infringement"" thread To external info@evonano.ca (CC Jason, Alamin). Mathieu originally asked 2026-02-13 (msg 19c5752c2ea59cdb) but was not on this email."
14,Z-Shield / Zinox Coating,Full,2026-05-07 21:02,Re: Zinox coatings,Z-Shield Analysis v2 .pdf; Competitor Profile_Zinox Coating.pdf,Jason Speirs,"michael miller <millermichael74@gmail.com>, Joel Stark",Jason Speirs,2026-05-07 20:58,https://mail.google.com/mail/u/0/#all/19e0288a86c6416d,https://drive.google.com/file/d/1b66O3O9CGPVjfB-yOC2ZAbSmmIHY7BL9/view,Re-send of Z-Shield v2 (originally sent 2026-05-02) and Zinox profile (originally sent 2025-11-24). Drive link = Zinox PDF.
15,Z-Shield,Revised,2026-05-02 07:31,Re: Analysis on Z-Shield,Z-Shield Analysis v2 .pdf,Ryan Vaupshas,"Joel Stark, Charles Dumont, Jonathan Duquette",,,https://mail.google.com/mail/u/0/#all/19de5e2827a3e555,,v2 sent 2 minutes after original (2026-05-02 07:29).
16,Z-Shield,Full,2026-05-02 07:29,Analysis on Z-Shield,Z-Shield Analysis.pdf,Ryan Vaupshas,"Joel Stark, Charles Dumont, Jonathan Duquette",,,https://mail.google.com/mail/u/0/#all/19de5e02c12840ad,,Superseded by v2 at 07:31.
17,NanoGuard Systems,Full,2026-03-13 21:09,Re: NanoGuard,Nanoguard Systems.pdf,Jason Speirs,Joel Stark,Jason Speirs,2026-02-13 21:49,https://mail.google.com/mail/u/0/#all/19ce7515d0ee1999,,
18,NoxNano (Noxor),Full,2026-03-13 21:00,Re: New competitor - NoxNano,NexNano.pdf,Charles Dumont,"Mathieu Vallieres, Jason Speirs, Neda Mohammadi",Mathieu Vallieres,2026-02-24 01:29,https://mail.google.com/mail/u/0/#all/19ce74848d15495b,,"Attachment is named ""NexNano.pdf"" although subject is NoxNano. Ryan also flagged noxor.ca/noxnano in Google Chat (digest 2026-03-20)."
19,Roof Scientist (re: Cericade),Full,2026-03-09 21:00,Re: New competitor - Cericade,Supplementary Report_Roof Scientist (1).pdf; Competitor Profile Report_Roof Scientist (1).pdf,Mathieu Vallieres,"Jason Speirs, Charles Dumont",Mathieu Vallieres,2026-03-07 05:12,https://mail.google.com/mail/u/0/#all/19cd2aed8ee3b209,"https://drive.google.com/file/d/1KaaW6ECa5ZTgsB4fBuVe46pV1GZRqtHD/view
https://drive.google.com/file/d/1ANYVm1GcaA9uMj6FLSneXvav_WcGKsqF/view","Re-send of Roof Scientist profile (orig. 2025-09-15) + supplementary (orig. 2026-01-09) in reply to ""New competitor - Cericade"". Drive: profile + supplementary."
20,HydraChem,Full,2026-02-27 21:31,Re: New Competitor: Needs Review,HydraChem.pdf,Matt Hansen,"Joel Stark, Charles Dumont, Jonathan Duquette",Matt Hansen,2026-02-22 04:53,https://mail.google.com/mail/u/0/#all/19c9f4bbb0b1b25c,,"Thread ""New Competitor: Needs Review""."
21,SuperMaxx,Full,2026-02-09 21:00,Competitor Profile: SuperMaxx,SuperMaxx.pdf,Joel Stark,"Charles Dumont, Jonathan Duquette",,,https://mail.google.com/mail/u/0/#all/19c427cc9dd72698,,No request email found. Joel sent a buysupermaxx.com link in chat on 2026-04-17 (after this report).
22,NexaNano,Full,2026-02-03 23:14,Re: Similar company,NexaNano.pdf,Jason Speirs,"Dusty Bornefeld <dusty@jacksonnanoshield.com>, Mathieu Vallieres",Jason Speirs,2026-01-30 22:04,https://mail.google.com/mail/u/0/#all/19c241213cf9c1c4,,"Thread ""Similar company"". Mathieu first asked 2025-10-06 23:51 (""New Competitor - NexaNano"", msg 199ba389c682e7f9)."
23,NWA Restore It,Full,2026-01-26 21:00,Competitor Profile: NWA Restore It,NWA Restore It_012626.pdf,Joel Stark,"Charles Dumont, Jonathan Duquette",,,https://mail.google.com/mail/u/0/#all/19bfa63c072b0b56,,No request email found.
24,Reviva Roof,Full,2026-01-23 21:00,Competitor Profile_RevivaRoof,Competitor Profile_Reviva Roof.pdf,Joel Stark,"Charles Dumont, Jonathan Duquette",,,https://mail.google.com/mail/u/0/#all/19beaf0ad714efeb,,No request email found.
25,Rejuva Roof,Full,2026-01-19 21:00,Re: RoofScientist-InfoGuide.pdf,Competitor Profile_Rejuva Roof.pdf,Joel Stark,,Joel Stark,2026-01-07 21:37,https://mail.google.com/mail/u/0/#all/19bd6573d46dd12a,,"Sent in ""RoofScientist-InfoGuide.pdf"" thread. Joel chat 2026-04-17: Miguel ""Sent the Rejuva Roof report to you yesterday"" - no 2026-04-16 email found. Rejuva PDF exists in another Drive folder (not the reports folder)."
26,RoofLife,Supplementary,2026-01-14 21:00,Re: RoofLife - Competitive Analysis,Supplementary Report_RoofLife.pdf; Competitor Profile Report_RoofLife (2).pdf,Jason Speirs,trevor crawford <trevorcrawford@live.ca>,Jason Speirs,2026-01-14 02:01,https://mail.google.com/mail/u/0/#all/19bbc9771f542a22,,Includes supplementary + original profile. CC includes external trevorcrawford@live.ca.
27,ShingleGuard,Supplementary,2026-01-13 21:00,Re: Shingle Guard,ShingleGuard Supplementary Report.pdf; GoNano_ShingleGuard_Competitor Profile Report_1_July_25.pdf,Charles Dumont,"Joel Stark, Matt Hansen",Charles Dumont,2026-01-02 02:35,https://mail.google.com/mail/u/0/#all/19bb771153350947,https://drive.google.com/file/d/109VudJuzfIrLgV3CttezWYkDFDNR1Fr_/view,Includes supplementary + original July 2025 profile. Drive link = original profile.
28,Roof Scientist,Supplementary,2026-01-09 22:08,Re: RoofScientist-InfoGuide.pdf,Supplementary Report_Roof Scientist.pdf; Competitor Profile Report_Roof Scientist.pdf,Joel Stark,,Joel Stark,2026-01-07 10:09,https://mail.google.com/mail/u/0/#all/19ba3165bea168e7,https://drive.google.com/file/d/1ANYVm1GcaA9uMj6FLSneXvav_WcGKsqF/view,Includes supplementary + original profile.
29,"Roof Savers, LLC",Supplementary,2025-12-09 20:52,"Supplementary Report: Roof Savers, LLC.",SUPPLEMENTARY REPORT_ROOF SAVERS_120925.pdf; Competitor Profile Report_Roof Savers v2 (3).pdf,Joel Stark,"Charles Dumont, Jonathan Duquette",,,https://mail.google.com/mail/u/0/#all/19b032bd5247c15d,https://drive.google.com/file/d/1ST60kF2ypwb1fmpnKCa9vvC6RuvgAUpT/view,"Body addressed ""Hi Jason"" but sent To Joel. Includes Roof Savers v2 profile. Drive link = v2 profile (supplementary PDF is in a different Drive folder)."
30,NanoSeal (Quebec),Revised,2025-12-05 23:45,Competitor Profile: NanoSeal,Competitor Analysis_ Nano Seal (PDF Fixed).pdf,Joel Stark,"Charles Dumont, Jonathan Duquette, Jason Speirs",,,https://mail.google.com/mail/u/0/#all/19aef30253fbc72b,,"Updated/fixed NanoSeal analysis (""PDF Fixed""); original profile sent 2025-08-21. No request email found."
31,DuraSeal,Full,2025-12-03 21:00,Re: Competitor analysis - DuraSeal,DuraSeal.pdf,Mathieu Vallieres,"Jason Speirs, Joel Stark, Jonathan Duquette, Charles Dumont",Mathieu Vallieres,2025-11-25 04:12,https://mail.google.com/mail/u/0/#all/19ae44c58223bf6b,,
32,Zinox Coating,Full,2025-11-24 21:06,Re: Competitor Analysis - Zinox Coating,Competitor Profile_Zinox Coating.pdf,Mathieu Vallieres,"Jason Speirs, Joel Stark, Jonathan Duquette, Charles Dumont",Mathieu Vallieres,2025-11-19 21:57,https://mail.google.com/mail/u/0/#all/19ab5f89b437c92d,https://drive.google.com/file/d/1b66O3O9CGPVjfB-yOC2ZAbSmmIHY7BL9/view,
33,Purepave,Full,2025-11-24 21:00,Competitor Profile: Purepave,Competitor Profile_Purepave.pdf,Ryan Vaupshas,"Joel Stark, Jonathan Duquette, Charles Dumont",,,https://mail.google.com/mail/u/0/#all/19ab5f31d0bf654d,,No request email found.
34,Spray-Net (Liqua-Roof),Full,2025-11-06 23:15,"Competitor Profile: Spray-Net ""Liqua-Roof""",Spray-Net.pdf,Joel Stark,"Charles Dumont, Jonathan Duquette",,,https://mail.google.com/mail/u/0/#all/19a59bcf2c370d7f,,No request email found.
35,Roof Rehab,Full,2025-11-01 02:23,Competitor Profile: Roof Rehab,Roof Rehab.pdf,Joel Stark,"Charles Dumont, Jonathan Duquette",Mathieu Vallieres,2025-09-08 21:11,https://mail.google.com/mail/u/0/#all/19a3b831d5074d71,,Request msg 1992973c77bd8571.
36,Shingle RX,Full,2025-10-31 21:00,Competitor Profile: Shingle RX,Shingle RX.pdf,Joel Stark,"Charles Dumont, Jonathan Duquette",,,https://mail.google.com/mail/u/0/#all/19a3a5a7c98ccc12,,No request email found.
37,Nano-Toiture,Full,2025-10-28 21:00,Re: I seen this add on Facebook,Nano-Toiture.pdf,Jason Speirs,"Joel Stark, Charles Dumont, Jonathan Duquette",Jason Speirs,2025-10-27 21:41,https://mail.google.com/mail/u/0/#all/19a2ae76966a710d,,"Thread ""I seen this add on Facebook""."
38,RoofLife (CA),Full,2025-10-11 04:01,Competitor Profile: RoofLife CA,Competitor Profile Report_RoofLife.pdf,"Ryan Vaupshas, Mathieu Vallieres","Joel Stark, Charles Dumont, Jonathan Duquette",Ryan Vaupshas,,https://mail.google.com/mail/u/0/#all/199cfb6dfa77e318,,"Per Miguel's email, requested by Ryan (no request email found). Mathieu also asked about RoofLife on 2025-10-04 00:26."
39,Groupe GVMA,Full,2025-09-30 22:41,Re: Groupe GVMA - New competitor from Quebec,Competitor Profile Report_GroupeGVMA.pdf,Jason Speirs,"Mathieu Vallieres, Charles Dumont, Joel Stark",Jason Speirs,2025-09-30 22:36,https://mail.google.com/mail/u/0/#all/1999b1281ca7f10d,https://drive.google.com/file/d/1YK_9o7zgjpTHB1IdNEkurGtke_jM_Tu7/view,Re-send of GVMA profile originally sent 2025-07-24. Charles then forwarded (2025-10-01) mentioning 1-2 more Quebec competitors.
40,Roof Savers,Revised,2025-09-17 07:19,Re: competition,Competitor Profile Report_Roof Savers v2.pdf,Joel Stark,Jonathan Duquette,Joel Stark,2025-09-17 03:49,https://mail.google.com/mail/u/0/#all/19954d3bb4e86118,https://drive.google.com/file/d/1ST60kF2ypwb1fmpnKCa9vvC6RuvgAUpT/view,v2 answering Joel's follow-up question.
41,Roof Savers,Full,2025-09-17 00:15,Re: competition,Competitor Profile Report_Roof Savers.pdf,Joel Stark,Jonathan Duquette,Jonathan Duquette / Joel Stark,2025-09-11 22:30,https://mail.google.com/mail/u/0/#all/199534fb30c9a955,,"Thread ""competition"": Jonathan 2025-09-11 22:30, Joel 2025-09-12 02:21. Superseded by v2 on 2025-09-17 07:19."
42,Roof Scientist,Full,2025-09-15 21:00,Re: Screenshot 2025-09-11 at 4.59.58 PM,Competitor Profile Report_Roof Scientist.pdf,Joel Stark,,Joel Stark,2025-09-12 07:39,https://mail.google.com/mail/u/0/#all/1994d75f42fd7864,https://drive.google.com/file/d/1KaaW6ECa5ZTgsB4fBuVe46pV1GZRqtHD/view,"Thread ""Screenshot 2025-09-11 at 4.59.58 PM"". Drive copy is ""(1)"" version uploaded 2026-03-09."
43,Roof Rejuvenate,Revised,2025-09-10 22:45,Competitor Profile_Roof Rejuvenate,Competitor Profile Report_Roof Rejuvenate 09 10 25.pdf,Joel Stark,"Charles Dumont, Jonathan Duquette, Jason Speirs",,,https://mail.google.com/mail/u/0/#all/1993416487ef59c4,,Updated version dated 09 10 25 (original sent 2025-07-21). This version not found in reports folder.
44,Evolushingle,Full,2025-08-21 22:03,Competitor Profile - Evolushingle,Competitor Profile Report_Evolushingle.pdf,Joel Stark,"Jonathan Duquette, Charles Dumont, Jason Speirs",,,https://mail.google.com/mail/u/0/#all/198ccf0a70c876be,https://drive.google.com/file/d/1xx5F0_xHQtED5xZPerUxhGagI86zPEA1/view,No request email found.
45,NanoSeal (Quebec),Full,2025-08-21 21:00,Competitor Profile on NanoSeal,Competitor Profile Report_NanoSeal.pdf,Joel Stark,"Charles Dumont, Jonathan Duquette",,,https://mail.google.com/mail/u/0/#all/198ccb6f804d1545,https://drive.google.com/file/d/1GnXp6vA4WvXeELFyh4vTbsNof5bZOe3o/view,No request email found.
46,J&J Roof Restore,Full,2025-08-05 00:36,Competitor Profile: J&J Roof Restore,Lab Test.pdf; Competitor Profile Report_JandJ Roof Restore.pdf,Joel Stark,"Jason Speirs, Charles Dumont, Jonathan Duquette",,,https://mail.google.com/mail/u/0/#all/19875f11d66639f0,https://drive.google.com/file/d/1uqKkrta8lWldwWnAOOdekl1dh1xsUVvM/view,Also attached Lab Test.pdf and Google Reviews screenshots. No request email found.
47,Rhino Shield,Full,2025-07-29 00:17,Dealership Profile Report_Rhino Shield,Dealer Strategy Profile Report_RhinoShield.pdf,Ryan Vaupshas,"Joel Stark, Charles Dumont, Jonathan Duquette",,,https://mail.google.com/mail/u/0/#all/19851d2b5532959f,,"Dealer strategy format (""Dealership Profile Report"")."
48,Groupe GVMA (Scellant-Toiture),Full,2025-07-24 21:00,Competitor Profile_GVMA Groupe,Competitor Profile Report_GroupeGVMA.pdf,Ryan Vaupshas,"Joel Stark, Charles Dumont, Jonathan Duquette",Ryan Vaupshas,,https://mail.google.com/mail/u/0/#all/1983c84e82de4b85,https://drive.google.com/file/d/1YK_9o7zgjpTHB1IdNEkurGtke_jM_Tu7/view,"Per email: ""Coming from your request to profile Scellant-toiture"" (request email not found). Drive file is ""(3)"" copy."
49,Roof Rejuvenate,Full,2025-07-21 22:50,Re: sask roof renew,Competitor Profile Report_Roof Rejuvenate.pdf,Jason Speirs,"Joel Stark, Jonathan Duquette, Charles Dumont",Jason Speirs,2025-07-11 01:38,https://mail.google.com/mail/u/0/#all/1982d76c1d690ed1,https://drive.google.com/file/d/1PUuedMnDYtoStrHqPohN3fBUkVspYR4V/view,"Thread ""sask roof renew""."
50,Nanoclad,Full,2025-07-17 01:17,Re: Nanoclad,Competitor Profile Report_Nanoclad.pdf,Mathieu Vallieres,"Joel Stark, Jason Speirs, Charles Dumont, Jonathan Duquette",Mathieu Vallieres,2025-07-16 21:04,https://mail.google.com/mail/u/0/#all/198143d53106be9d,https://drive.google.com/file/d/10RIiRglwV5ROc8Tt1wk6jrMKJdzEwQ_q/view,"Jason first flagged Nanoclad 2025-06-18 04:17. Second Drive file ""Nanoclad Competitor Profile Analysis.pdf"" (1wEfqx9GzZQRnXhk-xhai64YhCXH7BtVb) also exists."
51,Équipe Nano,Full,2025-07-11 01:49,Re:,Competitor Profile Report_EquipeNano.pdf,Jason Speirs,"Joel Stark, Charles Dumont, Jonathan Duquette",Jason Speirs,2025-07-09 02:35,https://mail.google.com/mail/u/0/#all/197f574d97385d7a,https://drive.google.com/file/d/1GcmeKT0-cFH5PJ6zeZOc-YzqCJmKW47l/view,"Blank subject (""Re:""). Possibly relevant to TEAM NANO open request (2026-07-22)."
52,Bright Green Roof,Full,2025-07-05 05:47,Competitor Profile: Bright Green Roof,GoNano_BrightGreenRoof_Briefing Document_13_June_25.pdf,Joel Stark,"Jason Speirs, Jonathan Duquette, Charles Dumont",,,https://mail.google.com/mail/u/0/#all/197d768343866528,https://drive.google.com/file/d/1wKzC0j9NEHWsRlU_3ygzOs-IqPWl1TvF/view,Briefing-document format dated 13 June 2025.
53,MK Construction,Full,2025-07-05 02:09,Competitor Profile: MK Construction,GoNano_MK Construction_Briefing Document_13_June_25.pdf,Joel Stark,"Jason Speirs, Charles Dumont, Jonathan Duquette",,,https://mail.google.com/mail/u/0/#all/197d6a0dc8c47cd9,https://drive.google.com/file/d/1DyP2p_7h5mQlsUGY25O35D7UmaD6LzIx/view,Briefing-document format dated 13 June 2025.
54,ShingleGuard,Full,2025-07-01 23:22,Re: Shingle guard,GoNano_ShingleGuard_Competitor Profile Report_1_July_25.pdf,Jason Speirs,"Joel Stark, Jonathan Duquette, Charles Dumont",Jason Speirs,2025-07-01 23:20,https://mail.google.com/mail/u/0/#all/197c695562733128,https://drive.google.com/file/d/109VudJuzfIrLgV3CttezWYkDFDNR1Fr_/view,Re-send of report originally sent 2025-07-01 22:54 (to Jason on request).
55,ShingleGuard,Full,2025-07-01 22:54,Re: Shingle guard,GoNano_ShingleGuard_Competitor Profile Report_1_July_25.pdf,Joel Stark,,Joel Stark,2025-06-30 22:44,https://mail.google.com/mail/u/0/#all/197c67bb8102e2c0,https://drive.google.com/file/d/109VudJuzfIrLgV3CttezWYkDFDNR1Fr_/view,
56,PEAK301,Full,2025-06-28 02:04,Competitor Profile:PEAK301,PEAK301_Profiling Report_ June 28 2025.pdf,Joel Stark,,,,https://mail.google.com/mail/u/0/#all/197b290047dcd9c3,,No request email found.
57,UglyRoof,Full,2025-06-26 01:42,UglyRoof Competitor Profile,UglyRoof Competitor Profile.pdf,Joel Stark,,,,https://mail.google.com/mail/u/0/#all/197a82f39ad001e4,https://drive.google.com/file/d/1_EI9lC62eNjTrSiK8DqjPdzUSsbfjubR/view,No request email found.
58,Roof Maxx,Full,2025-06-20 00:20,Competitor Profile Report_Roof Maxx,RoofMaxx_Profiling Report_ June 19 2025.pdf,Joel Stark,,,,https://mail.google.com/mail/u/0/#all/19788fe1f7ccbf5b,https://drive.google.com/file/d/1GGbNiAWh2sM0-acNB8Etbzqn_YN_E-5I/view,Report file dated June 19 2025; email sent 2025-06-20 00:20 PHT.
59,Reactiv8,Full,2025-06-19 20:00,Re: D2D,Reactiv8_Company Profile_19 June 2025.pdf,Jason Speirs,Joel Stark,Jason Speirs,2025-06-19 01:08,https://mail.google.com/mail/u/0/#all/197880f66b05ab27,https://drive.google.com/file/d/12qabhggBuzq1vgH9tMhECevyMDcgMB0E/view,"Thread ""D2D""."
60,FreshRoof,Full,2025-06-16 20:00,Briefing Document on FreshRoof,GoNano_FreshRoof_Briefing Document_15_June_25.pdf,"Joel Stark, Jason Speirs",Charles Dumont,,,https://mail.google.com/mail/u/0/#all/197789c53b0c442e,https://drive.google.com/file/d/1z0vj_vfQZJVAKWT9RHE2TvGcAVBvEqNM/view,Briefing-document format.
61,Nanoroof,Full,2025-06-12 21:10,Briefing Document on Nanoroof Findings,GoNano_Nanoroof_Briefing Document_12_June_25.pdf,Joel Stark,,,,https://mail.google.com/mail/u/0/#all/197644304a795bbd,https://drive.google.com/file/d/1OpyOaObrUs8vSVXdm2ddFvSqnBrHBpcP/view,Briefing-document format.